id;owner;responder;description;title;timestamp;status;image;image_content_type;video;video_content_type;voice_data;voice_data_content_type;file_1;file_1_content_type;file_2;file_2_content_type;file_3;file_3_content_type
1;scarily forthright shred;for angrily bivvy;sternly that;whenever;2024-05-05T20:07:43;huzzah;../fake-data/blob/hipster.png;image/png;../fake-data/blob/hipster.png;image/png;../fake-data/blob/hipster.png;image/png;../fake-data/blob/hipster.png;image/png;../fake-data/blob/hipster.png;image/png;../fake-data/blob/hipster.png;image/png
2;soon lap;since vinyl ew;aboard phew authorized;fight;2024-05-05T18:53:12;leverage fatal firm;../fake-data/blob/hipster.png;image/png;../fake-data/blob/hipster.png;image/png;../fake-data/blob/hipster.png;image/png;../fake-data/blob/hipster.png;image/png;../fake-data/blob/hipster.png;image/png;../fake-data/blob/hipster.png;image/png
3;needily contest;poorly loathsome late;huddle;portfolio yet ha;2024-05-05T19:52:33;aw used;../fake-data/blob/hipster.png;image/png;../fake-data/blob/hipster.png;image/png;../fake-data/blob/hipster.png;image/png;../fake-data/blob/hipster.png;image/png;../fake-data/blob/hipster.png;image/png;../fake-data/blob/hipster.png;image/png
4;beside;phooey yippee excepting;border wherever normalise;besides;2024-05-05T13:17:40;barring peaceful;../fake-data/blob/hipster.png;image/png;../fake-data/blob/hipster.png;image/png;../fake-data/blob/hipster.png;image/png;../fake-data/blob/hipster.png;image/png;../fake-data/blob/hipster.png;image/png;../fake-data/blob/hipster.png;image/png
5;helpless;aha splosh real;incidentally furthermore;gee furthermore;2024-05-06T08:33:57;grand wrest duckie;../fake-data/blob/hipster.png;image/png;../fake-data/blob/hipster.png;image/png;../fake-data/blob/hipster.png;image/png;../fake-data/blob/hipster.png;image/png;../fake-data/blob/hipster.png;image/png;../fake-data/blob/hipster.png;image/png
6;that aha;off walnut;plus tensely;bumpy simplistic begrudge;2024-05-06T05:38:42;leash upside-down;../fake-data/blob/hipster.png;image/png;../fake-data/blob/hipster.png;image/png;../fake-data/blob/hipster.png;image/png;../fake-data/blob/hipster.png;image/png;../fake-data/blob/hipster.png;image/png;../fake-data/blob/hipster.png;image/png
7;online;via beyond;monthly;gently sometimes;2024-05-05T16:36:54;atop sanctify glug;../fake-data/blob/hipster.png;image/png;../fake-data/blob/hipster.png;image/png;../fake-data/blob/hipster.png;image/png;../fake-data/blob/hipster.png;image/png;../fake-data/blob/hipster.png;image/png;../fake-data/blob/hipster.png;image/png
8;jazz hmph;ah;pace impossible normal;gently;2024-05-06T05:33:32;readdress forenenst mediocre;../fake-data/blob/hipster.png;image/png;../fake-data/blob/hipster.png;image/png;../fake-data/blob/hipster.png;image/png;../fake-data/blob/hipster.png;image/png;../fake-data/blob/hipster.png;image/png;../fake-data/blob/hipster.png;image/png
9;cirrus;apropos improbable;statute sidetrack for;amongst greedily;2024-05-05T17:00:42;result layout;../fake-data/blob/hipster.png;image/png;../fake-data/blob/hipster.png;image/png;../fake-data/blob/hipster.png;image/png;../fake-data/blob/hipster.png;image/png;../fake-data/blob/hipster.png;image/png;../fake-data/blob/hipster.png;image/png
10;invigilate ambitious;because;among;entitle bashfully nor;2024-05-06T09:15:04;gun oh whether;../fake-data/blob/hipster.png;image/png;../fake-data/blob/hipster.png;image/png;../fake-data/blob/hipster.png;image/png;../fake-data/blob/hipster.png;image/png;../fake-data/blob/hipster.png;image/png;../fake-data/blob/hipster.png;image/png
