id;description;title;timestamp;status
2d4faf67-f4aa-4859-82dc-a108f5e9af1c;lyre;galvanise;2024-05-05T16:10:31;subject
d594928b-de3d-4459-9942-5f44d1f5f525;article indeed;neighboring second needily;2024-05-05T11:31:22;nuzzle aha gah
0b3eeefc-8e9d-494c-8f14-f79e37ca0258;gust;sousaphone;2024-05-06T06:33:18;quickly till
9e3185c6-3209-42d3-bff1-c32e80cae82e;provided;safe eventually;2024-05-06T05:00:13;harmonize yet
61b2e25a-78fe-4155-89a6-62c21c1daca7;pfft canon despair;until against;2024-05-05T12:37:35;frenetically
56224706-15e6-4989-8727-1bc0da36cb1c;aha thoughtfully;afore abase frightfully;2024-05-05T23:09:30;atone
01722697-3b37-4bf2-8605-d9316b3d95d4;galley tinker to;wordy;2024-05-05T15:49:31;phooey admired
cb3d1dbe-2fbb-4806-a552-60dedc757f82;handcuff seeder flawed;consequently radiant fervently;2024-05-05T09:54:55;than
04b65fed-9372-4dca-a674-f8cda9a076b9;tech automatic;boo authentic up;2024-05-05T22:19:03;over even
67fb1649-2841-4de1-9fc8-b23d76612be3;by;trustee fiercely;2024-05-06T03:39:40;fondly
