id;content;rating;feedback;timestamp
1;core;22439;raise string symbol;2024-05-06T08:32:07
2;detour;158;glamorous careful tell;2024-05-05T11:31:46
3;huzzah circa oof;29263;anenst oof as;2024-05-05T16:34:01
4;next fearless;19336;finally;2024-05-06T04:56:08
5;hm worth counselor;22580;shaw over atop;2024-05-06T05:15:08
6;shelve before spot;21321;endive;2024-05-05T11:54:28
7;buoyant;5540;lest hence;2024-05-06T06:26:08
8;pish;31065;creolize;2024-05-05T17:57:37
9;huzzah;13976;scarcely an;2024-05-05T14:58:48
10;outweigh considering;2175;ew afraid;2024-05-06T07:37:11
